1,10초 교실 버섯 박사 얀 ; 이지윤 옮김
2,16명의 우리 할머니
3,가사하라 도모코 ; 배영진 옮김
4,"가재산,장동익,김영희 [공]"
5,강경수
6,강리오
7,강민형
8,"강산 ; 브러쉬 씨어터,이승은 원작"
9,강성태 글
10,강성현
11,강성호
12,강수미
13,강용숙 글 ; 정혜주 그림
14,강은진
15,강정연 글 ; 릴리아 그림
16,강정화 글 ; 김미현 그림
17,강제윤
18,"강창희,고재량"
19,강환국
20,강효미 글 ; 김무연 그림
21,개빈 케네디 ; 박단비 옮김
22,건나물TV
23,"게리 마커스,어니스트 데이비스 [공] ; 이영래 옮김"
24,견위 ; 장순필 옮김
25,고바야시 에리코 ; 정재선 옮김
26,고영경
27,고영삼
28,고우정 글 ; 권혜원 그림
29,고정기
30,고정욱 글 ; 공공이 그림
31,고정욱 글 ; 노은주 그림
32,고정욱
33,고정욱 ; 노은주 그림
34,고코로야 진노스케 ; 김한나 옮김
35,고혁주
36,고호관
37,고희정 글 ; 조승연 그림
38,곰돌이 co. 글 ; 홍종현 그림
39,공규택
40,곽동우
41,곽수종
42,구맹회
43,구사나기 류 ; 류두진 옮김
44,구상희
45,국지혜
46,굽시니스트 글·그림
47,권건우
48,권건우 글 ; 허령 그림
49,권김현영 외 ; 김은실 엮음
50,권순여
51,권여선 ; 박재인 그림
52,권정현
53,권창섭
54,권해진
55,권혁진
56,귀도 미나 디 소스피로 ; 송여울 옮김
57,규장각한국학연구원 엮음
58,"그레천 바크 ; 김선교,전현우,최준영 옮김"
59,그렉 그랜딘 ; 유혜인 옮김
60,그렉 옴 ; 김시내 옮김
61,그림은 글·그림
62,그웨돌린 스미스 ; 장혜진 옮김
63,글: 고수산나 ; 그림: 유준재
64,글: 서해경 ; 그림: 이경석
65,급식왕 원작 ; 최재연 글 ; 구은미 그림
66,급식왕 원작 ; 최재연 글 ; 서후 콘티 ; 구은미 그림
67,기리노 나쓰오 ; 이규원 옮김
68,기시미 이치로 ; 고정아 옮김
69,"기획: 정재승 ; 글: 정재은,이고은 ; 그림: 김현민"
70,김가영
71,김가영 ; 김동하 사진
72,김갑수
73,김겨울
74,"김경동,여산 [공]"
75,김경록
76,김경숙 글 ; 김완진 그림
77,김경옥 글 ; 주성희 그림
78,김경윤
79,"김경일,사피엔스 스튜디오 [공]"
80,김근하
81,김금희
82,김기숙 외 저
83,김기웅
84,"김나래,이에라 [공]글 ; 한하림 그림"
85,김나현
86,김난도 외
87,"김노랑,김태민,한켠,박하루,범유진,유사본,전효원 [공]"
88,김다노
89,김다노 글 ; 홍그림 그림
90,김다인
91,김다현
92,"김덕년,유미라,허은숙 [공]"
93,김동우
94,김동현
95,김리나
96,김명선 글·그림
97,김명진 글 ; 전명진 그림
98,김명호 글ㆍ그림
99,김명희 글 ; 김동성 그림
100,김문정
101,김미영 글 ; 김정한 그림
102,김미희 글 ; 노은주 그림
103,김민영 외
104,김민정 글 ; 박지윤 그림
105,김민희
106,"김병삼,김병윤,김종윤,박성연,박혜신,배윤주,엄태호,이종현,정모세,조현철,한태수"
107,"김보은,안소현 [공]"
108,김복희
109,김사량 ; 김석희 옮김
110,김상삼
111,김상태
112,"김상환,박진,신정아,윤성우,이재환,장태순,최용호,한혜원"
113,김선오
114,김선우
115,김선호
116,김선희
117,김성준 ; 류현우 그림
118,김성진 글
119,김성효
120,김소연 외
121,김소형
122,김수연
123,김수영
124,김수현 ; SKY KIM 그림
125,김수환
126,김수희 저
127,김순렬
128,"김승,김미란,이정원"
129,김시효
130,김여정
131,김연식
132,김연실
133,김열규
134,김영대
135,김영미
136,김영숙
137,김영아 ; 서은숙 그림
138,김영우
139,김영철
140,김용섭
141,김용찬
142,김우재
143,김원작
144,김유성
145,김유진 ; 안경미 그림
146,김윤이
147,김은경
148,김은영 글·그림
149,김은중 글 ; 이갑규 그림
150,"김은현,황주성,이서 [공]"
151,김이경
152,김이경
153,김이정
154,김인태
155,김인희
156,김재은 글 ; 김미라 그림
157,김점선 ; 국민지 그림
158,김정계
159,김정선
160,김종원
161,김주현 ; 오승민 그림
162,김중명 ; 강현정 옮김
163,김지원
164,김청엽 글 ; 조윤주 그림
165,김초엽
166,김탁환
167,김태권 외
168,김태연
169,김태우
170,김태호
171,김택곤
172,김평원
173,김필균
174,김필호
175,김하연 글 ; 송효정 그림
176,김하연 ; 송효정 그림
177,김하은 글 ; 김준영 그림
178,김하인
179,"김학선,김기송 [공]"
180,김학철
181,김해동
182,김해선 글·그림
183,김해원 ; 김혜연 ; 임어진 ; 임태희
184,김해원
185,김현득
186,김현성
187,김현수
188,김현중
189,김현진
190,김현철
191,김혜남
192,김혜성
193,김홍신 ; 임영주 [공]글 ; 권영묵 그림
194,김화희(말괄량이)
195,김효선
196,김효성 글
197,김희곤
198,김희준
199,나가마쓰 시게히사 ; 노경아 옮김
200,나가미네 에이타로 글 ; 도게도게 그림 ; 박현미 옮김
201,나겨울
202,나민애
203,나쓰메 소세키 ; 손정임 옮김
204,나오미 스태들런 ; 김진주 옮김
205,나이토 요시히토 ; 이정은 옮김
206,나카네 가쓰아키 ; 황미숙 옮김
207,나카야마 시치리 ; 김윤수 옮김
208,나태주
209,난별 글 ; 노은주 그림
210,남상욱 ; 유희석 그림
211,남정희
212,남희경
213,네드라 글로버 타와브 ; 신혜연 옮김
214,넬라 라슨 ; 서숙 옮김
215,노수미 글 ; 김미진 그림
216,노수미 글 ; 한항선 그림
217,노형진 ; 김병하 그림
218,노희경
219,농촌진흥청
220,니코 틴버겐 ; 박시룡 옮김
221,니콜 르페라 ; 이미정 옮김
222,닉 채터 ; 김문주 옮김
223,다니엘 켈만 ; 박종대 옮김
224,다이애나 애실 ; 이은선 옮김
225,다이애나 클라크 ; 변용란 옮김
226,다자이 오사무 ; 유숙자 옮김
227,다카하마 마사노부 글 ; 히야시 유미 그림 ; 김보혜 옮김
228,단꿈아이 글 ; 스튜디오 담 만화
229,달콤팩토리 글 ; 김문식 그림
230,대니얼 예긴 ; 김태유 ; 허은녕 옮김
231,더글라스 B. 홀트 ; 윤덕환 옮김
232,데보라 엘리스 글 ; 윤정숙 옮김
233,데이먼 센톨라 ; 이충호 옮김
234,데이브 피콕
235,"데이비드 리틀필드,사스키아 루이스 저 ; 이준석,신춘규,온영태 역"
236,데이비드 맥컬레이 ; 이한음 옮김
237,데이비드 바디엘 ; 스티븐 렌턴 그림 ; 김송이 옮김
238,"도야마 히라쿠 ,위정훈 옮김"
239,도정일
240,도쿄다반사
241,도쿄대학교 사이언스커뮤니케이션 동아리 CAST ; 곽범신 옮김
242,도쿄역사과학연구회 편 ; 박성태 옮김
243,도현신
244,독서부자 낙숫물
245,듀나 ; 이현석 그림
246,드류 데이월트 글 ; 애덤 렉스 그림 ; 송예슬 옮김
247,라오 핑루 ; 남혜선 옮김
248,라이너 융트 ; 이지윤 옮김
249,라이페이샤 ; 김경숙 옮김
250,레나타 살레츨 ; 정영목 옮김
251,렌털 아무것도 하지 않는 사람 ; 김수현 옮김
252,로건 유리 ; 권가비 옮김
253,"로니 미트라,이라클리 나다레이슈빌리 ; 최경현 옮김"
254,로라 도크릴 글 ; 그웬 밀워드 그림 ; 홍은혜 옮김
255,"로렌조 코헨,앨리슨 제프리스 [공] ; 유화승 ; 박지혜 [공]옮김"
256,로리 파워 ; 박산호 옮김
257,로버트 브루스 쇼 ; 이경남 옮김
258,로버트 파우저
259,로버트 판타노 ; 노지양 옮김
260,로즈 조지 ; 김정아 옮김
261,루앤 라이스 ; 이미정 옮김
262,루이스 새커 글 ; 김영선 옮김 ; 김중석 그림
263,루이스 트론헤임 글 ; 위베르 슈비아르 그림 ; 이지수 옮김
264,류미정 글 ; 신민재 그림
265,류성룡 ; 김흥식 옮김
266,리사 할리데이 ; 허진 옮김
267,리스컴 [편] ; 허광 ; Yenny 사진
268,리처드 존스 글·그림 ; 공경희 옮김
269,마르셀로 마잔티 글 ; 마르 귀세 그림 ; 김지애 옮김
270,마르타 페이라노 ; 최사라 옮김
271,마샤 포르추크 스크리푸치 글 ; 백현주 옮김
272,마쓰오 가즈야 ; 김정환 옮김
273,마쓰우라 야타로 글·그림 ; 와카기 신고 사진 ; 류순미 옮김
274,마이크 스미스 글·그림 ; 노은정 옮김
275,마작가
276,마크 로난 ; 마대건 옮김
277,마키아토 ; 한수희 옮김
278,마틴 쇼이블레 ; 김완균 옮김
279,막상스 페르민 ; 임선기 옮김
280,막스 프리쉬 ; 정미경 옮김
281,"말랄라 유사프자이,리즈 웰치 [공] ; 박찬원 옮김"
282,매일경제 서울머니쇼 팀
283,"매튜 모톨라,매튜 코트니 ; 최영민 옮김"
284,매트 헤이그 글 ; 크리스 몰드 그림 ; 최현경 옮김
285,맥스 포터 ; 황유원 옮김
286,멀린 스코그베리 노드 ; 전은선 옮김
287,"모니카 월라인,제인 더튼 [공] ; 김병전 ; 김완석 ; 박성현 [공]옮김"
288,모니크 폴락 ; 윤경선 옮김
289,"모옌 ; 심규호,유소영 [공]옮김"
290,모토하시 아도 ; 김정환 옮김
291,무라야마 사키 ; 한성례 옮김
292,무천강 ; 정은지 옮김
293,문갑식 글 ; 이서현 사진
294,문겸
295,문경수
296,문부일
297,문은강
298,문혜영
299,미쉘
300,미야모토 테루 ; 이지수 옮김
301,미쟝센 단편영화제 편
302,민구
303,민카 켄트 ; 공보경 옮김
304,바르바라 칸티니 글·그림 ; 이승수 옮김
305,박권일
306,박규호
307,박규호
308,박규호 외
309,"박균열,강명진,이원봉,방원석,임여진,성현영"
310,박그루 글 ; 김주경 그림
311,박미라
312,박민수
313,박민정
314,박상률
315,박상영
316,박상하
317,박서련 ; 최산호 그림
318,박선화 글 ; 김완진 그림
319,박설연 글 ; 김덕영 그림
320,박성건
321,박성우 글 ; 홍그림 그림
322,박수지
323,박승준 ; 강승연 그림
324,박연선
325,박영란
326,박영주 ; 김다혜 그림
327,박영호
328,"박영희,박지선,한문정"
329,박완서
330,"박우용,권은경,김경민 [공]"
331,박원석
332,박유연
333,박은태
334,박재용
335,박재희
336,박정복
337,박정원 ·사진 ; 김대현 사진
338,박정은
339,박종인 글과 사진
340,박종팔
341,박중근
342,박진진
343,박찬승
344,박창범
345,박태호
346,박하령
347,박현규
348,박현숙 글 ; 국민지 그림
349,박현숙 글 ; 배종숙 그림
350,박현숙 글 ; 장서영 그림
351,박현숙 글 ; 장정오 그림
352,박현숙 글 ; 지우 그림
353,박현희
354,박혜란
355,박희순 글 ; 배민경 그림
356,방미진 글 ; 국민지 그림
357,배성태
358,배수경 글 ; 김주희 그림
359,"배수경,나소연 [공]"
360,배윤슬 글·사진
361,배은숙
362,배종훈
363,배혜림
364,백가흠
365,백석
366,백승종
367,범유진
368,베브 윌리암스 ; 김희정 옮김
369,베터니 휴즈 ; 성소희 옮김
370,볼프강 베링거 ; 강영옥 옮김
371,브라이언 포트노이 ; 조성숙 옮김
372,"브라이언 헤어,버네사 우즈 [공] ; 이민아 옮김"
373,비 온 뒤
374,비마이펫 (원작) ; 최진규 그림
375,비온뒤
376,비욘드 더 리프 ; 김한나 옮김
377,비타민신지(신지은)니
378,빌 그멜링 ; 전은경 옮김
379,빗썸코리아 씨랩(C-Lab)
380,사마키 다케오 편저 ; 안소현 옮김
381,사예 글·그림 ; 윤성 그림
382,사유리
383,사이토 가쓰히로 ; 곽범신 옮김
384,사이토 가쓰히로 ; 김단비 옮김
385,사이토 다카시 ; 정미애 옮김
386,사이토 타마키 ; 이정민 옮김
387,서라미
388,서명옥
389,서민우 저
390,서석영 글 ; 박현주 그림
391,서영수 편저
392,서영조
393,서철원
394,선자은 글 ; 이윤희 그림
395,선자은 ; 이윤희 그림
396,설기문
397,"설민석,서지원 [공]글 ; 정주연 그림"
398,"설민석,서지원 [공]글 ; 조병주 그림"
399,설흔
400,"성현정 지은이, 혜란 그인이"
401,세네카 ; 제임스 롬 엮음 ; 김현주 옮김
402,세라 나이트 ; 이수경 옮김
403,세라 모스 ; 이지예 옮김
404,세라 스튜어트 존슨 ; 안현주 옮김
405,세라 윈먼 ; 민은영 옮김
406,세르히 플로히 ; 허승철 옮김
407,소성자
408,손웅정
409,손태진
410,손희정
411,송경원
412,송도수 글 ; 서정 엔터테인먼트 그림
413,송미경 글 ; 황K 그림
414,송준천
415,송채만
416,쇼콜라 ; 강수연 옮김
417,쉴라 제프리스 ; 유혜담 옮김
418,스기모토 다쓰히코 글 ; 고시이 다카시 그림 ; 노경아 옮김
419,스미노 요루 ; 이소담 옮김
420,스벤 뵐펠 ; 유영미 옮김
421,스즈키 루리카 ; 이소담 옮김
422,스즈키 칸타로 ; 김희성 옮김
423,"스즈키 코이치 ; 김은철,유세라 옮김"
424,스콧 갤러웨이 ; 박선령 옮김
425,스테판 안헴 ; 김소정 옮김
426,스티브 테일러 ; 윤서인 옮김
427,스티븐 크보스키 ; 박아람 옮김
428,슷카이 글·그림
429,시게마쓰 기요시 ; 권일영 옮김
430,시그리드 누네즈 ; 정소영 옮김
431,시마무라 하나코 ; 김은선 옮김
432,신류 ; 계승범 옮김
433,신방수
434,신순규
435,"신영준,주언규"
436,신왕국
437,신은영 글 ; 심윤정 그림
438,신은영 ; 김현주 그림
439,신재윤
440,신정일
441,신지은
442,"신태훈 ,나승훈 글·그림"
443,신태훈 ; 나승훈 그림
444,"신태훈,나승훈 [공]글·그림"
445,신현이
446,"신현준,정혜진 [공]"
447,쌍찐롱 ; 박주은 옮김
448,써니사이드업
449,쑥쑥크리
450,아네테 크롭베네슈 ; 이지윤 옮김
451,아녕 ; 김종성 해제
452,아니 카스티요 글·그림 ; 박소연 옮김
453,아르튀르 테노르 ; 김자연 옮김
454,아리가 카오루 ; 이소담 옮김
455,아말 엘모타르 ; 이수현 옮김 ; 김유 그림
456,아멜리 노통브 ; 이상해 옮김
457,아보 도오루 ; 박인용 옮김
458,아서 코난 도일 원작 ; 아시베 다쿠 편역 ; 후지시로 요우 그림 ; 양수현 번역
459,아오야 마미 ; 이연경 옮김
460,아이걸음
461,아쿠타가와 류노스케 외 ; 민경욱 옮김
462,아쿠타가와 류노스케 ; 박성민 옮김
463,안경미
464,안귀정
465,안드레 카힐류 글·그림 ; 이현아 옮김
466,안성민
467,안수민 글 ; 김기권 그림
468,안영민 감수
469,안젤라 애커만 ; 베카 푸글리시 [공] ; 최세민 옮김
470,"안토니스 파파테오둘루,디카이오스 챗지플리스 글 ; 미르토 델리보리아 그림 ; 이계순 옮김"
471,알 스웨이가트 ; 이제혁 옮김
472,알랭 제르보 ; 정진국 옮김
473,알렉산더 폰 쇤부르크 ; 이상희 옮김
474,알렉상드르 뒤마 원작 ; 오카다 요시에 편역 ; 야마다 히토츠기 그림 ; 양수현 번역
475,알렉스 마셜 ; 박미준 옮김
476,알베르 카뮈 ; 김화영 옮김
477,애런 블레이비 ; 신수진 옮김
478,애슐리 오드레인 ; 박현주 옮김
479,앤드루 H. 밀러 ; 방진이 옮김
480,야마모토 마리
481,야쿠마루 가쿠 ; 남소현 옮김
482,"양경윤,김미정 [공]"
483,양방언
484,"양수련,박성신,김보람,김선민,남유하 [공]"
485,"양수민,이현경 [공]"
486,양연정
487,양지영 ; 김효주 그림
488,양창순
489,양호문
490,양희은
491,어션
492,엄지혜
493,에두아르도 하우레기 ; 심연희 옮김
494,에드몬도 데아미치스 원작 ; 양태석 글 ; 한송이 그림
495,에드워드 독스 ; 박산호 옮김
496,에드워드 D. 호크 ; 김예진 옮김
497,"에른스트프리트 하니슈,에바 분더러 [공] ; 김현정 옮김"
498,에릭 재거 ; 김상훈 옮김
499,에밀리 앤시스 ; 김승진 옮김
500,에버랜드 동물원 글·사진
501,에이미 말로 맥코이 ; 양소하 옮김
502,에이미 존슨 ; 임가영 옮김
503,에이버리 비숍 ; 김나연 옮김
504,연유진 글 ; 간장 그림
505,예병일
506,오경아
507,오기와라 히로시 ; 권일영 옮김
508,오느리 글·그림
509,"오드리 탕 인터뷰,프레지던트 서적편집팀 편집 ; 안선주 옮김"
510,오민영 ; 김다정 그림
511,오상우
512,오세욱
513,오시은
514,오음
515,오종우
516,오종태 ; Jin Jung 일러스트
517,오진원 글 ; 다나 그림
518,오카모토 요리타카 ; 황세정 옮김
519,오한숙희
520,온다 리쿠 ; 강영혜 옮김
521,온다 리쿠 ; 권영주 옮김
522,올가 메킹 ; 이지민 옮김
523,올드스테어즈 편집부
524,요네자와 호노부 ; 김선영 옮김
525,요르고스 칼리스 ; 우석영 ; 장석준 [공]옮김
526,요비노리 다쿠미 ; 이지호 옮김
527,요우망고
528,요코야마 히데오 ; 이혁재 옮김
529,욘 A. 린드크비스트 ; 남명성 옮김
530,우마 나이두 ; 김지혜 옮김
531,우시쿠보 료타 글·그림 ; 황진희 옮김
532,우에니시 아키라 ; 정세영 옮김
533,우종창
534,우치다테 마키코 ; 이지수 옮김
535,원성은
536,위민복
537,윌리엄 번스타인 ; 김태훈 옮김
538,윌리엄 셰익스피어 원작 ; 양태석 글 ; 김혜연 그림
539,윌리엄 스타이그 글·그림 ; 김영진 옮김
540,윌리엄 스타이그 ; 김영진 옮김
541,"유경현,유수진"
542,유계영
543,유니게
544,유병록 ; 노석미 그림
545,유석영
546,유순희 글 ; 최정인 그림
547,유순희 ; 최정인 그림
548,유시민
549,유영이
550,유정식
551,유즈키 아사코 ; 권남희 옮김
552,유즈키 유코 ; 민경욱 옮김
553,유진목
554,유흥준 저
555,"육혜숙,이영좌 [공]"
556,윤명선
557,윤미애
558,윤상훈
559,윤성근
560,윤성원
561,윤성희 외
562,윤영선
563,윤용진
564,윤유나
565,윤정용
566,윤정현
567,윤주성 글 ; 신희정 그림
568,윤주성 ; 홍선주 그림
569,"윤준호,윤상철,김주희 [공]"
570,윤혜숙
571,"윤희솔 글 ; 후야 일기글,성현정(아이앤드로잉) 그림"
572,은모든
573,은영 글 ; 메 그림
574,은유
575,은이결
576,을냥이 글·그림
577,을냥이
578,이관용(엘디쌤)
579,이광수
580,이규영
581,이금이
582,이기규 동화 ; 김수영 그림
583,"이기철,이상근 [공]"
584,이기태
585,이노우에 가즈코 ; 김진연 옮김
586,이덕일
587,이도영
588,이동우
589,이동준
590,"이동혁,임성재,정다운 [공]"
591,이동훈
592,이만열
593,이명랑
594,이명희 글 ; 서지현 그림
595,이문현
596,이미화
597,이병한
598,이보림 글 ; 이은주 그림
599,이브스 힐피쉬 ; 박진수 옮김
600,이상각
601,이상미
602,이상혁
603,이상현
604,이샛별
605,이석연
606,이선주
607,이설하 글·그림
608,이설하
609,이성주
610,이소영
611,이소호
612,이수경
613,이수연
614,이수용 글 ; 박영 그림
615,이수용 글 ; 최보윤 그림
616,이수원
617,이수현 글·그림
618,이스터린 키레 ; 유숙열 옮김
619,이승태
620,이승혜
621,이언 리드 ; 전행선 옮김
622,이영미
623,이영숙
624,이영옥
625,이영제
626,이영호
627,이와이 도시오 글·그림 ; 김숙 옮김
628,이용석
629,이원석
630,이윤규
631,이윤서
632,"이은경,김수린 [공]"
633,이은숙
634,이은용
635,이은재 글 ; 송효정 그림
636,이은재 글 ; 신민재 그림
637,이은정
638,"이은주,권준 [공]"
639,"이은주,권준"
640,이은하
641,이의정
642,이인
643,이임복
644,이자벨 드 쿠르티브롱 ; 양영란 옮김
645,이자연
646,이재광
647,이재문 ; 김지인 그림
648,이재은
649,이정규 [ ]
650,이정록 글 ; 배민경 그림
651,이제재
652,이종구 외
653,이종산
654,이주미 글·그림
655,이주은
656,이주향
657,이주헌(어반포잇)
658,이지영 글ㆍ그림
659,이지영
660,이지환
661,이지훈 글 ; 김고은 그림
662,이진민
663,이진송
664,이진이 글·그림
665,이창훈
666,이치조 미사키 ; 권영주 옮김
667,이필원 글 ; 예란 그림
668,이한영
669,이항
670,이향안 글 ; 조승연 그림
671,이헌상
672,이혜나
673,이효근
674,이효범
675,이희대
676,"인세진,김도희 [공]"
677,일본어 공부기술연구소
678,임국영
679,임서경 글 ; 시은경 그림
680,"임완수,한기호 [공]"
681,임윤희
682,임정섭
683,임정순 ; 박은애 그림
684,임지현 외
685,임지형 ; 홍연시 그림
686,임현주
687,임화선 글 ; 최지영 그림
688,자연과 함께하는 사람들 엮음
689,장류진
690,장보현 글 ; 김진호 사진
691,장석남
692,장석주
693,장세현 글 ; 이경석 그림
694,장수욱
695,장연
696,장유리
697,장윤선
698,장진영
699,장한식
700,장허 ; 김지혜 옮김
701,잭 메기트-필립스 글 ; 이사벨 폴라트 그림 ; 김선희 옮김
702,잭 슈웨거 ; 조성숙 옮김
703,"저자: 敬壹,주민경,周鼎 ; 그림: 昊"
704,전국국어교사모임
705,전삼혜
706,전은지 글 ; 김무연 그림
707,전은희 글 ; 노은주 그림
708,전은희 글 ; 음미하다 그림
709,전지원 외
710,전평국
711,전해자
712,전혜정
713,정대건
714,정도상
715,정동훈
716,정명섭 외
717,정명섭
718,정미숙
719,"정민영,백은지 공저"
720,정성진
721,정세랑 ; 최영훈 그림
722,정순분
723,"정승익,이재영 공저"
724,정애리
725,정약용 ; 오세진 편역
726,"정약전,이청 [공] ; 정명현 옮김"
727,정연희
728,정영욱
729,정우성
730,정은령
731,정은주
732,정정혜
733,정지돈
734,정지영
735,정진 글 ; 정현진 그림
736,정진영
737,정진오
738,정찬주
739,정해심
740,정해연
741,정해윤 글 ; 황여진 그림
742,정혁용
743,정혜경
744,정호희
745,정희순
746,정희용 글 ; 이갑규 그림
747,제니퍼 코너-스미스 글 ; 홍석윤 옮김
748,"제시카 조엘 알렉산더,이벤 디싱 산달 ; 이은경 옮김"
749,제이머 헌트 ; 홍경탁 옮김
750,"제이슨 펑,이브 메이어,메건 라모스 [공] ; 이문영 옮김"
751,제이콥 필드 ; 김산하 옮김
752,제임스 홀리스 ; 노상미 옮김
753,조경국
754,조경희 ; 류주영 그림
755,조관일
756,조규미 글 ; 이로우 그림
757,조나단 레비 ; 이현정 옮김
758,조남주
759,조너선 라우시 ; 김고명 옮김
760,조너선 메이버리 ; 배지혜 옮김
761,조두진
762,조수경 글·그림
763,"조슈아 로빈슨,조너선 클레그 [공] ; 황금진 옮김"
764,조시 맬러먼 ; 이경아 옮김
765,조시온 글 ; 이소영 그림
766,조영선 글 ; 이영호 그림
767,조용민
768,조우관
769,조우리 글 ; 근하 그림
770,조우리
771,조준형
772,조해진
773,존 그리빈 ; 권루시안 옮김
774,"존 리,임우영 [공]글 ; 도니패밀리 그림"
775,존 번스 ; 오경아 옮김
776,존 보글 ; 이은주 옮김
777,존 에이커프 ; 김정희 옮김
778,존 클라센 ; 서남희 옮김
779,"졸렌타 그린버그,크리스틴 마인저 [공] ; 양소하 옮김"
780,주노(JUNO) 글·그림
781,주리애
782,주응식
783,주제 사라마구 ; 김승욱 옮김
784,주종민
785,주쯔칭 ; 문현선 옮김
786,"줄리안 아벨,린지 클라크 [공] ; 이지혜 옮김"
787,줄리언 반스 ; 공진호 옮김
788,줄리언 반스 ; 송은주 옮김
789,줄리언 반스 ; 정영목 옮김
790,줄리언 반스 ; 최세희 옮김
791,중국과학원 물리연구소 엮음 ; 정주은 옮김
792,지구별 여행자
793,지그문트 프로이트 ; 임홍빈 ; 홍혜경 [공] 옮김
794,지나영
795,지병수
796,지식채널e 제작팀
797,지안 글 ; 김성라 그림
798,"지오딘 사르다르,제리 라베츠 [공] ; 보린 반 룬 그림 ; 양영철 옮김"
799,지은이: 이선 크로스 ; 옮긴이: 강주헌
800,지혜진
801,진 루엔 양 ; 조영학 옮김
802,진규동
803,진병관
804,질 바이든 ; 김은영 옮김
805,차동준
806,차오원쉬엔 글 ; 돤홍스튜디오 그림 ; 양성희 옮김
807,차이자펀 ; 우디 옮김
808,차진아
809,차현나
810,차현주 글 ; 김태형 요리 ; 장진모 사진
811,찬호께이 ; 문현선 옮김
812,찰스 화이트필드 ; 김세영 옮김
813,채사장
814,"채사장,마케마케 글 ; 정용환 그림"
815,채상욱
816,"채세린 글 ; 박지현 이야기,장상미 옮김"
817,"채현국,정운현 [공]"
818,천능금 글 ; 전명진 그림
819,천상훈 저
820,천인국
821,최강
822,"최기운,이창민,김종혁 [공]"
823,최문희
824,최미애
825,최미영
826,최민우 외
827,최봄 글 ; 한수언 그림
828,최선미
829,최설희 글 ; 유설화 그림
830,최성용
831,최성환
832,최송목
833,"최수연,문지수,강은별"
834,최승영
835,최영선
836,최윤교
837,최은영 ; 김주리 그림
838,최은옥 글 ; 파키나미 그림
839,최은옥 ; 김무연 그림
840,최은정
841,최의택
842,최인순
843,최정담(디멘)
844,최주호
845,최준식
846,최진영
847,최철
848,최태규
849,최태성
850,최혁곤
851,최현정
852,최혜진 글 ; 정경아 그림
853,추정경
854,카르마 브라운 ; 김현수 옮김
855,카르멘 라포렛 ; 김수진 옮김
856,카밀라 카벤디시 ; 신현승 옮김
857,카일 하퍼 ; 부희령 옮김
858,캐시 박 홍 ; 노시내 옮김
859,캐시 헬러 ; 박성웅 옮김
860,케빈 경
861,케언즈맨
862,케이시
863,코맥 매카시 ; 김시현 옮김
864,"콘스탄틴 R. 캠벨 ; 김규섭,장성우 옮김"
865,콜센터상담원
866,"크리스토프 앙드레,레베카 샹클랑 [공] ; 이세진 옮김"
867,킴벌리 벨 ; 최영열 옮김
868,타냐 슈테브너 ; 코마가타 그림 ; 서지희 옮김
869,"탁경은,주원규,정명섭,임지형,마윤제"
870,탁정은 글 ; 김혜원 그림
871,"토마스 불핀치 ; 손명현 옮김 ; 성낙수 ,전용근,김은정 엮음"
872,토마시 예드로프스키 ; 백지민 옮김
873,토머스 D. 실리 ; 조미현 옮김
874,톰 말름퀴스트 ; 김승욱 옮김
875,"톰 숀,크리스토퍼 놀란 [공] ; 윤철희 옮김"
876,톰 필립스 ; 홍한결 옮김
877,투에고
878,"파시 살베리,윌리엄 도일 ; 김정은 옮김"
879,팜 제노프 ; 정윤희 옮김
880,"패트릭 M. 마키,크리스토퍼 J. 퍼거슨 ; 나보라 옮김"
881,페즐 글 ; 다나카 지즈코 그림 ; 김현희 옮김
882,포도알친구 글 ; 강경효 그림
883,포스터 헌팅턴 ; 천세익 옮김
884,폴 샤레 ; 박선령 옮김
885,표창원
886,푸른아우성 글
887,프라우케 바구쉐 ; 배진아 옮김
888,프라우케 쇼이네만 글 ; 니콜라이 렝어 그림 ; 전은경 옮김
889,프랭크 허버트 ; 김승욱 옮김
890,프레드릭 배크만 ; 이은선 옮김
891,프리드리히 니체 ; 박일귀 옮김
892,플라피나
893,피니어스 T. 바넘 ; 정탄 옮김
894,피트 구들리프 ; 심지현 옮김
895,필립 마플릿 ; 이정구 옮김
896,하명희
897,하수정 글
898,하유지
899,하은경
900,하지희 글·그림
901,하태성
902,한강
903,한국비즈니스정보
904,한국이주여성인권센터 엮음
905,한국이주여성인권센터 엮음 ; 김현미 외 글씀
906,한동일
907,한라경 글 ; 김유진 그림
908,한병철 ; 전대호 옮김
909,한성열
910,한세경 ; 서수흔 그림
911,한연희
912,한영미 글 ; 김기린 그림
913,한영미
914,한정주
915,해밀
916,향기책방
917,허아성 글·그림
918,허윤희
919,허재호 글·그림
920,헤닝 만켈 ; 박진세 옮김
921,헬로마녀
922,혜련 글 ; 신지혜 그림
923,호리구치 토시히데 ; 윤선해 옮김
924,호시 도모히로 ; 정현옥 옮김
925,호시 와타루 ; 김지윤 옮김
926,혼마 아사코 ; 후지와라 치아키 ; 카와노 마키 ; 김수정 옮김
927,"혼마루 료 ; 김희성,박영훈 [공]옮김"
928,홍승우
929,홍옥 글 ; 신동민 그림
930,홍종의 글 ; 이예숙 그림
931,홍종의 ; 이은주 그림
932,황만기
933,"황보현우,김철수 [공]"
934,황선미 글 ; 박진아 그림 ; 이보연 상담
935,황성공
936,황성환
937,황정은
938,"황정은,안윤,박서련,김멜라,서수진,김초엽 [공]"
939,황지영
940,후루사와 아키라 ; 채은미 옮김
941,휘트니 스튜어트 ; 신인수 옮김
942,흔한남매 원작 ; 김언정 글 ; 차차 그림
943,히가시노 게이고 ; 민경욱 옮김
944,히가시노 게이고 ; 양윤옥 옮김
945,히로시마 레이코 글 ; 다나카 아이 그림 ; 김난주 옮김
946,히로시마 레이코 글 ; 모리노 기코리 그림 ; 김정화 옮김
947,히로시마 레이코 글 ; 미노루 그림 ; 김지영 옮김
948,히로시마 레이코 글 ; 사다케 미호 그림 ; 김정화 옮김
949,히로시마 레이코 ; 바라마쓰 히토미 그림 ; 고향옥 옮김
950,C. J. 튜더 ; 이은선 옮김
951,C.J. 튜더 ; 이은선 옮김
952,J. G. 밸러드 ; 조호근 옮김
953,J.K. 롤링 ; 공보경 옮김
954,"Jaan Kiusalaas ; 구본용,김상철,박찬우 옮김"
955,KBS스페셜 제작팀 ; 장경호 엮음
956,MBN <알토란> 제작팀
957,NH투자증권 100세 시대연구소
958,P. D. 제임스 ; 이주혜 옮김
959,V. S. 나이폴 ; 정회성 옮김
960,YTN사이언스